{
  "sprite": "/home/kristian/meta-repo/repos/game-engine/static/assets/aseprite/world.aseprite",
  "tilemaps": [
    {
      "layer": "grass",
      "frame": 1,
      "width": 17,
      "height": 17,
      "tiles": [
  {"x":0,"y":0,"i":4,"f":0},{"x":1,"y":0,"i":4,"f":0},{"x":2,"y":0,"i":4,"f":0},{"x":3,"y":0,"i":4,"f":0},{"x":4,"y":0,"i":4,"f":0},{"x":5,"y":0,"i":4,"f":0},{"x":6,"y":0,"i":4,"f":0},{"x":7,"y":0,"i":4,"f":0},{"x":8,"y":0,"i":4,"f":0},{"x":9,"y":0,"i":4,"f":0},{"x":10,"y":0,"i":4,"f":0},{"x":11,"y":0,"i":4,"f":0},{"x":12,"y":0,"i":4,"f":0},{"x":13,"y":0,"i":4,"f":0},{"x":14,"y":0,"i":4,"f":0},{"x":15,"y":0,"i":4,"f":0},{"x":16,"y":0,"i":4,"f":0},{"x":0,"y":1,"i":4,"f":0},{"x":1,"y":1,"i":4,"f":0},{"x":2,"y":1,"i":4,"f":0},{"x":3,"y":1,"i":4,"f":0},{"x":4,"y":1,"i":4,"f":0},{"x":5,"y":1,"i":4,"f":0},{"x":6,"y":1,"i":4,"f":0},{"x":7,"y":1,"i":4,"f":0},{"x":8,"y":1,"i":4,"f":0},{"x":9,"y":1,"i":4,"f":0},{"x":10,"y":1,"i":4,"f":0},{"x":11,"y":1,"i":4,"f":0},{"x":12,"y":1,"i":4,"f":0},{"x":13,"y":1,"i":4,"f":0},{"x":14,"y":1,"i":4,"f":0},{"x":15,"y":1,"i":4,"f":0},{"x":16,"y":1,"i":4,"f":0},{"x":0,"y":2,"i":4,"f":0},{"x":1,"y":2,"i":4,"f":0},{"x":2,"y":2,"i":4,"f":0},{"x":3,"y":2,"i":4,"f":0},{"x":4,"y":2,"i":4,"f":0},{"x":5,"y":2,"i":4,"f":0},{"x":6,"y":2,"i":4,"f":0},{"x":7,"y":2,"i":4,"f":0},{"x":8,"y":2,"i":4,"f":0},{"x":9,"y":2,"i":4,"f":0},{"x":10,"y":2,"i":4,"f":0},{"x":11,"y":2,"i":4,"f":0},{"x":12,"y":2,"i":4,"f":0},{"x":13,"y":2,"i":3,"f":0},{"x":14,"y":2,"i":4,"f":0},{"x":15,"y":2,"i":4,"f":0},{"x":16,"y":2,"i":4,"f":0},{"x":0,"y":3,"i":4,"f":0},{"x":1,"y":3,"i":4,"f":0},{"x":2,"y":3,"i":4,"f":0},{"x":3,"y":3,"i":4,"f":0},{"x":4,"y":3,"i":4,"f":0},{"x":5,"y":3,"i":4,"f":0},{"x":6,"y":3,"i":4,"f":0},{"x":7,"y":3,"i":4,"f":0},{"x":8,"y":3,"i":4,"f":0},{"x":9,"y":3,"i":4,"f":0},{"x":10,"y":3,"i":3,"f":0},{"x":11,"y":3,"i":3,"f":0},{"x":12,"y":3,"i":3,"f":0},{"x":13,"y":3,"i":3,"f":0},{"x":14,"y":3,"i":4,"f":0},{"x":15,"y":3,"i":4,"f":0},{"x":16,"y":3,"i":4,"f":0},{"x":0,"y":4,"i":4,"f":0},{"x":1,"y":4,"i":4,"f":0},{"x":2,"y":4,"i":4,"f":0},{"x":3,"y":4,"i":4,"f":0},{"x":4,"y":4,"i":4,"f":0},{"x":5,"y":4,"i":4,"f":0},{"x":6,"y":4,"i":4,"f":0},{"x":7,"y":4,"i":4,"f":0},{"x":8,"y":4,"i":4,"f":0},{"x":9,"y":4,"i":3,"f":0},{"x":10,"y":4,"i":3,"f":0},{"x":11,"y":4,"i":4,"f":0},{"x":12,"y":4,"i":4,"f":0},{"x":13,"y":4,"i":4,"f":0},{"x":14,"y":4,"i":4,"f":0},{"x":15,"y":4,"i":4,"f":0},{"x":16,"y":4,"i":4,"f":0},{"x":0,"y":5,"i":4,"f":0},{"x":1,"y":5,"i":4,"f":0},{"x":2,"y":5,"i":4,"f":0},{"x":3,"y":5,"i":4,"f":0},{"x":4,"y":5,"i":4,"f":0},{"x":5,"y":5,"i":4,"f":0},{"x":6,"y":5,"i":4,"f":0},{"x":7,"y":5,"i":4,"f":0},{"x":8,"y":5,"i":4,"f":0},{"x":9,"y":5,"i":3,"f":0},{"x":10,"y":5,"i":4,"f":0},{"x":11,"y":5,"i":4,"f":0},{"x":12,"y":5,"i":4,"f":0},{"x":13,"y":5,"i":4,"f":0},{"x":14,"y":5,"i":4,"f":0},{"x":15,"y":5,"i":4,"f":0},{"x":16,"y":5,"i":4,"f":0},{"x":0,"y":6,"i":4,"f":0},{"x":1,"y":6,"i":4,"f":0},{"x":2,"y":6,"i":4,"f":0},{"x":3,"y":6,"i":3,"f":0},{"x":4,"y":6,"i":3,"f":0},{"x":5,"y":6,"i":3,"f":0},{"x":6,"y":6,"i":3,"f":0},{"x":7,"y":6,"i":3,"f":0},{"x":8,"y":6,"i":3,"f":0},{"x":9,"y":6,"i":3,"f":0},{"x":10,"y":6,"i":3,"f":0},{"x":11,"y":6,"i":3,"f":0},{"x":12,"y":6,"i":4,"f":0},{"x":13,"y":6,"i":4,"f":0},{"x":14,"y":6,"i":4,"f":0},{"x":15,"y":6,"i":4,"f":0},{"x":16,"y":6,"i":4,"f":0},{"x":0,"y":7,"i":4,"f":0},{"x":1,"y":7,"i":4,"f":0},{"x":2,"y":7,"i":4,"f":0},{"x":3,"y":7,"i":3,"f":0},{"x":4,"y":7,"i":4,"f":0},{"x":5,"y":7,"i":4,"f":0},{"x":6,"y":7,"i":3,"f":0},{"x":7,"y":7,"i":4,"f":0},{"x":8,"y":7,"i":4,"f":0},{"x":9,"y":7,"i":4,"f":0},{"x":10,"y":7,"i":4,"f":0},{"x":11,"y":7,"i":4,"f":0},{"x":12,"y":7,"i":4,"f":0},{"x":13,"y":7,"i":4,"f":0},{"x":14,"y":7,"i":4,"f":0},{"x":15,"y":7,"i":4,"f":0},{"x":16,"y":7,"i":4,"f":0},{"x":0,"y":8,"i":4,"f":0},{"x":1,"y":8,"i":4,"f":0},{"x":2,"y":8,"i":4,"f":0},{"x":3,"y":8,"i":3,"f":0},{"x":4,"y":8,"i":4,"f":0},{"x":5,"y":8,"i":4,"f":0},{"x":6,"y":8,"i":3,"f":0},{"x":7,"y":8,"i":4,"f":0},{"x":8,"y":8,"i":4,"f":0},{"x":9,"y":8,"i":4,"f":0},{"x":10,"y":8,"i":4,"f":0},{"x":11,"y":8,"i":4,"f":0},{"x":12,"y":8,"i":4,"f":0},{"x":13,"y":8,"i":4,"f":0},{"x":14,"y":8,"i":4,"f":0},{"x":15,"y":8,"i":4,"f":0},{"x":16,"y":8,"i":4,"f":0},{"x":0,"y":9,"i":4,"f":0},{"x":1,"y":9,"i":4,"f":0},{"x":2,"y":9,"i":4,"f":0},{"x":3,"y":9,"i":3,"f":0},{"x":4,"y":9,"i":4,"f":0},{"x":5,"y":9,"i":4,"f":0},{"x":6,"y":9,"i":3,"f":0},{"x":7,"y":9,"i":4,"f":0},{"x":8,"y":9,"i":4,"f":0},{"x":9,"y":9,"i":4,"f":0},{"x":10,"y":9,"i":4,"f":0},{"x":11,"y":9,"i":4,"f":0},{"x":12,"y":9,"i":4,"f":0},{"x":13,"y":9,"i":4,"f":0},{"x":14,"y":9,"i":4,"f":0},{"x":15,"y":9,"i":4,"f":0},{"x":16,"y":9,"i":4,"f":0},{"x":0,"y":10,"i":4,"f":0},{"x":1,"y":10,"i":4,"f":0},{"x":2,"y":10,"i":4,"f":0},{"x":3,"y":10,"i":3,"f":0},{"x":4,"y":10,"i":4,"f":0},{"x":5,"y":10,"i":4,"f":0},{"x":6,"y":10,"i":3,"f":0},{"x":7,"y":10,"i":4,"f":0},{"x":8,"y":10,"i":4,"f":0},{"x":9,"y":10,"i":4,"f":0},{"x":10,"y":10,"i":4,"f":0},{"x":11,"y":10,"i":4,"f":0},{"x":12,"y":10,"i":4,"f":0},{"x":13,"y":10,"i":4,"f":0},{"x":14,"y":10,"i":4,"f":0},{"x":15,"y":10,"i":4,"f":0},{"x":16,"y":10,"i":4,"f":0},{"x":0,"y":11,"i":4,"f":0},{"x":1,"y":11,"i":4,"f":0},{"x":2,"y":11,"i":4,"f":0},{"x":3,"y":11,"i":3,"f":0},{"x":4,"y":11,"i":3,"f":0},{"x":5,"y":11,"i":3,"f":0},{"x":6,"y":11,"i":3,"f":0},{"x":7,"y":11,"i":3,"f":0},{"x":8,"y":11,"i":3,"f":0},{"x":9,"y":11,"i":3,"f":0},{"x":10,"y":11,"i":3,"f":0},{"x":11,"y":11,"i":3,"f":0},{"x":12,"y":11,"i":4,"f":0},{"x":13,"y":11,"i":4,"f":0},{"x":14,"y":11,"i":4,"f":0},{"x":15,"y":11,"i":4,"f":0},{"x":16,"y":11,"i":4,"f":0},{"x":0,"y":12,"i":4,"f":0},{"x":1,"y":12,"i":4,"f":0},{"x":2,"y":12,"i":4,"f":0},{"x":3,"y":12,"i":4,"f":0},{"x":4,"y":12,"i":4,"f":0},{"x":5,"y":12,"i":4,"f":0},{"x":6,"y":12,"i":3,"f":0},{"x":7,"y":12,"i":4,"f":0},{"x":8,"y":12,"i":4,"f":0},{"x":9,"y":12,"i":4,"f":0},{"x":10,"y":12,"i":4,"f":0},{"x":11,"y":12,"i":4,"f":0},{"x":12,"y":12,"i":4,"f":0},{"x":13,"y":12,"i":4,"f":0},{"x":14,"y":12,"i":4,"f":0},{"x":15,"y":12,"i":4,"f":0},{"x":16,"y":12,"i":4,"f":0},{"x":0,"y":13,"i":4,"f":0},{"x":1,"y":13,"i":4,"f":0},{"x":2,"y":13,"i":4,"f":0},{"x":3,"y":13,"i":4,"f":0},{"x":4,"y":13,"i":4,"f":0},{"x":5,"y":13,"i":4,"f":0},{"x":6,"y":13,"i":3,"f":0},{"x":7,"y":13,"i":4,"f":0},{"x":8,"y":13,"i":4,"f":0},{"x":9,"y":13,"i":4,"f":0},{"x":10,"y":13,"i":4,"f":0},{"x":11,"y":13,"i":4,"f":0},{"x":12,"y":13,"i":4,"f":0},{"x":13,"y":13,"i":4,"f":0},{"x":14,"y":13,"i":4,"f":0},{"x":15,"y":13,"i":4,"f":0},{"x":16,"y":13,"i":4,"f":0},{"x":0,"y":14,"i":4,"f":0},{"x":1,"y":14,"i":4,"f":0},{"x":2,"y":14,"i":4,"f":0},{"x":3,"y":14,"i":4,"f":0},{"x":4,"y":14,"i":4,"f":0},{"x":5,"y":14,"i":4,"f":0},{"x":6,"y":14,"i":3,"f":0},{"x":7,"y":14,"i":4,"f":0},{"x":8,"y":14,"i":4,"f":0},{"x":9,"y":14,"i":4,"f":0},{"x":10,"y":14,"i":4,"f":0},{"x":11,"y":14,"i":4,"f":0},{"x":12,"y":14,"i":4,"f":0},{"x":13,"y":14,"i":4,"f":0},{"x":14,"y":14,"i":4,"f":0},{"x":15,"y":14,"i":4,"f":0},{"x":16,"y":14,"i":4,"f":0},{"x":0,"y":15,"i":4,"f":0},{"x":1,"y":15,"i":4,"f":0},{"x":2,"y":15,"i":4,"f":0},{"x":3,"y":15,"i":4,"f":0},{"x":4,"y":15,"i":4,"f":0},{"x":5,"y":15,"i":4,"f":0},{"x":6,"y":15,"i":3,"f":0},{"x":7,"y":15,"i":4,"f":0},{"x":8,"y":15,"i":4,"f":0},{"x":9,"y":15,"i":4,"f":0},{"x":10,"y":15,"i":4,"f":0},{"x":11,"y":15,"i":4,"f":0},{"x":12,"y":15,"i":4,"f":0},{"x":13,"y":15,"i":4,"f":0},{"x":14,"y":15,"i":4,"f":0},{"x":15,"y":15,"i":4,"f":0},{"x":16,"y":15,"i":4,"f":0},{"x":0,"y":16,"i":4,"f":0},{"x":1,"y":16,"i":4,"f":0},{"x":2,"y":16,"i":4,"f":0},{"x":3,"y":16,"i":4,"f":0},{"x":4,"y":16,"i":4,"f":0},{"x":5,"y":16,"i":4,"f":0},{"x":6,"y":16,"i":4,"f":0},{"x":7,"y":16,"i":4,"f":0},{"x":8,"y":16,"i":4,"f":0},{"x":9,"y":16,"i":4,"f":0},{"x":10,"y":16,"i":4,"f":0},{"x":11,"y":16,"i":4,"f":0},{"x":12,"y":16,"i":4,"f":0},{"x":13,"y":16,"i":4,"f":0},{"x":14,"y":16,"i":4,"f":0},{"x":15,"y":16,"i":4,"f":0},{"x":16,"y":16,"i":4,"f":0}
]
    },
    {
      "layer": "grass",
      "frame": 2,
      "width": 17,
      "height": 17,
      "tiles": [
  {"x":0,"y":0,"i":4,"f":0},{"x":1,"y":0,"i":4,"f":0},{"x":2,"y":0,"i":4,"f":0},{"x":3,"y":0,"i":4,"f":0},{"x":4,"y":0,"i":4,"f":0},{"x":5,"y":0,"i":4,"f":0},{"x":6,"y":0,"i":4,"f":0},{"x":7,"y":0,"i":4,"f":0},{"x":8,"y":0,"i":4,"f":0},{"x":9,"y":0,"i":4,"f":0},{"x":10,"y":0,"i":4,"f":0},{"x":11,"y":0,"i":4,"f":0},{"x":12,"y":0,"i":4,"f":0},{"x":13,"y":0,"i":4,"f":0},{"x":14,"y":0,"i":4,"f":0},{"x":15,"y":0,"i":4,"f":0},{"x":16,"y":0,"i":4,"f":0},{"x":0,"y":1,"i":4,"f":0},{"x":1,"y":1,"i":4,"f":0},{"x":2,"y":1,"i":4,"f":0},{"x":3,"y":1,"i":4,"f":0},{"x":4,"y":1,"i":4,"f":0},{"x":5,"y":1,"i":4,"f":0},{"x":6,"y":1,"i":4,"f":0},{"x":7,"y":1,"i":4,"f":0},{"x":8,"y":1,"i":4,"f":0},{"x":9,"y":1,"i":4,"f":0},{"x":10,"y":1,"i":4,"f":0},{"x":11,"y":1,"i":4,"f":0},{"x":12,"y":1,"i":4,"f":0},{"x":13,"y":1,"i":4,"f":0},{"x":14,"y":1,"i":4,"f":0},{"x":15,"y":1,"i":4,"f":0},{"x":16,"y":1,"i":4,"f":0},{"x":0,"y":2,"i":4,"f":0},{"x":1,"y":2,"i":4,"f":0},{"x":2,"y":2,"i":4,"f":0},{"x":3,"y":2,"i":4,"f":0},{"x":4,"y":2,"i":4,"f":0},{"x":5,"y":2,"i":4,"f":0},{"x":6,"y":2,"i":4,"f":0},{"x":7,"y":2,"i":4,"f":0},{"x":8,"y":2,"i":4,"f":0},{"x":9,"y":2,"i":4,"f":0},{"x":10,"y":2,"i":4,"f":0},{"x":11,"y":2,"i":4,"f":0},{"x":12,"y":2,"i":4,"f":0},{"x":13,"y":2,"i":4,"f":0},{"x":14,"y":2,"i":4,"f":0},{"x":15,"y":2,"i":4,"f":0},{"x":16,"y":2,"i":4,"f":0},{"x":0,"y":3,"i":4,"f":0},{"x":1,"y":3,"i":4,"f":0},{"x":2,"y":3,"i":4,"f":0},{"x":3,"y":3,"i":4,"f":0},{"x":4,"y":3,"i":4,"f":0},{"x":5,"y":3,"i":4,"f":0},{"x":6,"y":3,"i":4,"f":0},{"x":7,"y":3,"i":4,"f":0},{"x":8,"y":3,"i":4,"f":0},{"x":9,"y":3,"i":4,"f":0},{"x":10,"y":3,"i":4,"f":0},{"x":11,"y":3,"i":4,"f":0},{"x":12,"y":3,"i":4,"f":0},{"x":13,"y":3,"i":4,"f":0},{"x":14,"y":3,"i":4,"f":0},{"x":15,"y":3,"i":4,"f":0},{"x":16,"y":3,"i":4,"f":0},{"x":0,"y":4,"i":4,"f":0},{"x":1,"y":4,"i":4,"f":0},{"x":2,"y":4,"i":4,"f":0},{"x":3,"y":4,"i":4,"f":0},{"x":4,"y":4,"i":4,"f":0},{"x":5,"y":4,"i":4,"f":0},{"x":6,"y":4,"i":4,"f":0},{"x":7,"y":4,"i":4,"f":0},{"x":8,"y":4,"i":4,"f":0},{"x":9,"y":4,"i":4,"f":0},{"x":10,"y":4,"i":4,"f":0},{"x":11,"y":4,"i":4,"f":0},{"x":12,"y":4,"i":4,"f":0},{"x":13,"y":4,"i":4,"f":0},{"x":14,"y":4,"i":4,"f":0},{"x":15,"y":4,"i":4,"f":0},{"x":16,"y":4,"i":4,"f":0},{"x":0,"y":5,"i":4,"f":0},{"x":1,"y":5,"i":4,"f":0},{"x":2,"y":5,"i":4,"f":0},{"x":3,"y":5,"i":4,"f":0},{"x":4,"y":5,"i":4,"f":0},{"x":5,"y":5,"i":4,"f":0},{"x":6,"y":5,"i":4,"f":0},{"x":7,"y":5,"i":4,"f":0},{"x":8,"y":5,"i":4,"f":0},{"x":9,"y":5,"i":4,"f":0},{"x":10,"y":5,"i":4,"f":0},{"x":11,"y":5,"i":4,"f":0},{"x":12,"y":5,"i":4,"f":0},{"x":13,"y":5,"i":4,"f":0},{"x":14,"y":5,"i":4,"f":0},{"x":15,"y":5,"i":4,"f":0},{"x":16,"y":5,"i":4,"f":0},{"x":0,"y":6,"i":4,"f":0},{"x":1,"y":6,"i":4,"f":0},{"x":2,"y":6,"i":4,"f":0},{"x":3,"y":6,"i":4,"f":0},{"x":4,"y":6,"i":4,"f":0},{"x":5,"y":6,"i":4,"f":0},{"x":6,"y":6,"i":3,"f":0},{"x":7,"y":6,"i":3,"f":0},{"x":8,"y":6,"i":3,"f":0},{"x":9,"y":6,"i":3,"f":0},{"x":10,"y":6,"i":3,"f":0},{"x":11,"y":6,"i":3,"f":0},{"x":12,"y":6,"i":4,"f":0},{"x":13,"y":6,"i":4,"f":0},{"x":14,"y":6,"i":4,"f":0},{"x":15,"y":6,"i":4,"f":0},{"x":16,"y":6,"i":4,"f":0},{"x":0,"y":7,"i":4,"f":0},{"x":1,"y":7,"i":4,"f":0},{"x":2,"y":7,"i":4,"f":0},{"x":3,"y":7,"i":4,"f":0},{"x":4,"y":7,"i":4,"f":0},{"x":5,"y":7,"i":4,"f":0},{"x":6,"y":7,"i":3,"f":0},{"x":7,"y":7,"i":4,"f":0},{"x":8,"y":7,"i":4,"f":0},{"x":9,"y":7,"i":4,"f":0},{"x":10,"y":7,"i":4,"f":0},{"x":11,"y":7,"i":4,"f":0},{"x":12,"y":7,"i":4,"f":0},{"x":13,"y":7,"i":4,"f":0},{"x":14,"y":7,"i":4,"f":0},{"x":15,"y":7,"i":4,"f":0},{"x":16,"y":7,"i":4,"f":0},{"x":0,"y":8,"i":4,"f":0},{"x":1,"y":8,"i":4,"f":0},{"x":2,"y":8,"i":4,"f":0},{"x":3,"y":8,"i":4,"f":0},{"x":4,"y":8,"i":4,"f":0},{"x":5,"y":8,"i":4,"f":0},{"x":6,"y":8,"i":3,"f":0},{"x":7,"y":8,"i":4,"f":0},{"x":8,"y":8,"i":4,"f":0},{"x":9,"y":8,"i":4,"f":0},{"x":10,"y":8,"i":4,"f":0},{"x":11,"y":8,"i":4,"f":0},{"x":12,"y":8,"i":4,"f":0},{"x":13,"y":8,"i":4,"f":0},{"x":14,"y":8,"i":4,"f":0},{"x":15,"y":8,"i":4,"f":0},{"x":16,"y":8,"i":4,"f":0},{"x":0,"y":9,"i":4,"f":0},{"x":1,"y":9,"i":4,"f":0},{"x":2,"y":9,"i":3,"f":0},{"x":3,"y":9,"i":3,"f":0},{"x":4,"y":9,"i":3,"f":0},{"x":5,"y":9,"i":3,"f":0},{"x":6,"y":9,"i":3,"f":0},{"x":7,"y":9,"i":4,"f":0},{"x":8,"y":9,"i":4,"f":0},{"x":9,"y":9,"i":4,"f":0},{"x":10,"y":9,"i":4,"f":0},{"x":11,"y":9,"i":4,"f":0},{"x":12,"y":9,"i":4,"f":0},{"x":13,"y":9,"i":4,"f":0},{"x":14,"y":9,"i":4,"f":0},{"x":15,"y":9,"i":4,"f":0},{"x":16,"y":9,"i":4,"f":0},{"x":0,"y":10,"i":4,"f":0},{"x":1,"y":10,"i":4,"f":0},{"x":2,"y":10,"i":4,"f":0},{"x":3,"y":10,"i":4,"f":0},{"x":4,"y":10,"i":4,"f":0},{"x":5,"y":10,"i":4,"f":0},{"x":6,"y":10,"i":3,"f":0},{"x":7,"y":10,"i":4,"f":0},{"x":8,"y":10,"i":4,"f":0},{"x":9,"y":10,"i":4,"f":0},{"x":10,"y":10,"i":4,"f":0},{"x":11,"y":10,"i":4,"f":0},{"x":12,"y":10,"i":4,"f":0},{"x":13,"y":10,"i":4,"f":0},{"x":14,"y":10,"i":4,"f":0},{"x":15,"y":10,"i":4,"f":0},{"x":16,"y":10,"i":4,"f":0},{"x":0,"y":11,"i":4,"f":0},{"x":1,"y":11,"i":4,"f":0},{"x":2,"y":11,"i":4,"f":0},{"x":3,"y":11,"i":4,"f":0},{"x":4,"y":11,"i":4,"f":0},{"x":5,"y":11,"i":4,"f":0},{"x":6,"y":11,"i":3,"f":0},{"x":7,"y":11,"i":4,"f":0},{"x":8,"y":11,"i":4,"f":0},{"x":9,"y":11,"i":4,"f":0},{"x":10,"y":11,"i":4,"f":0},{"x":11,"y":11,"i":4,"f":0},{"x":12,"y":11,"i":4,"f":0},{"x":13,"y":11,"i":4,"f":0},{"x":14,"y":11,"i":4,"f":0},{"x":15,"y":11,"i":4,"f":0},{"x":16,"y":11,"i":4,"f":0},{"x":0,"y":12,"i":4,"f":0},{"x":1,"y":12,"i":4,"f":0},{"x":2,"y":12,"i":4,"f":0},{"x":3,"y":12,"i":4,"f":0},{"x":4,"y":12,"i":4,"f":0},{"x":5,"y":12,"i":4,"f":0},{"x":6,"y":12,"i":3,"f":0},{"x":7,"y":12,"i":4,"f":0},{"x":8,"y":12,"i":4,"f":0},{"x":9,"y":12,"i":4,"f":0},{"x":10,"y":12,"i":4,"f":0},{"x":11,"y":12,"i":4,"f":0},{"x":12,"y":12,"i":4,"f":0},{"x":13,"y":12,"i":4,"f":0},{"x":14,"y":12,"i":4,"f":0},{"x":15,"y":12,"i":4,"f":0},{"x":16,"y":12,"i":4,"f":0},{"x":0,"y":13,"i":4,"f":0},{"x":1,"y":13,"i":4,"f":0},{"x":2,"y":13,"i":4,"f":0},{"x":3,"y":13,"i":4,"f":0},{"x":4,"y":13,"i":4,"f":0},{"x":5,"y":13,"i":4,"f":0},{"x":6,"y":13,"i":3,"f":0},{"x":7,"y":13,"i":4,"f":0},{"x":8,"y":13,"i":4,"f":0},{"x":9,"y":13,"i":4,"f":0},{"x":10,"y":13,"i":4,"f":0},{"x":11,"y":13,"i":4,"f":0},{"x":12,"y":13,"i":4,"f":0},{"x":13,"y":13,"i":4,"f":0},{"x":14,"y":13,"i":4,"f":0},{"x":15,"y":13,"i":4,"f":0},{"x":16,"y":13,"i":4,"f":0},{"x":0,"y":14,"i":4,"f":0},{"x":1,"y":14,"i":4,"f":0},{"x":2,"y":14,"i":4,"f":0},{"x":3,"y":14,"i":4,"f":0},{"x":4,"y":14,"i":4,"f":0},{"x":5,"y":14,"i":4,"f":0},{"x":6,"y":14,"i":3,"f":0},{"x":7,"y":14,"i":4,"f":0},{"x":8,"y":14,"i":4,"f":0},{"x":9,"y":14,"i":4,"f":0},{"x":10,"y":14,"i":4,"f":0},{"x":11,"y":14,"i":4,"f":0},{"x":12,"y":14,"i":4,"f":0},{"x":13,"y":14,"i":4,"f":0},{"x":14,"y":14,"i":4,"f":0},{"x":15,"y":14,"i":4,"f":0},{"x":16,"y":14,"i":4,"f":0},{"x":0,"y":15,"i":4,"f":0},{"x":1,"y":15,"i":4,"f":0},{"x":2,"y":15,"i":4,"f":0},{"x":3,"y":15,"i":4,"f":0},{"x":4,"y":15,"i":4,"f":0},{"x":5,"y":15,"i":4,"f":0},{"x":6,"y":15,"i":3,"f":0},{"x":7,"y":15,"i":4,"f":0},{"x":8,"y":15,"i":4,"f":0},{"x":9,"y":15,"i":4,"f":0},{"x":10,"y":15,"i":4,"f":0},{"x":11,"y":15,"i":4,"f":0},{"x":12,"y":15,"i":4,"f":0},{"x":13,"y":15,"i":4,"f":0},{"x":14,"y":15,"i":4,"f":0},{"x":15,"y":15,"i":4,"f":0},{"x":16,"y":15,"i":4,"f":0},{"x":0,"y":16,"i":4,"f":0},{"x":1,"y":16,"i":4,"f":0},{"x":2,"y":16,"i":4,"f":0},{"x":3,"y":16,"i":4,"f":0},{"x":4,"y":16,"i":4,"f":0},{"x":5,"y":16,"i":4,"f":0},{"x":6,"y":16,"i":4,"f":0},{"x":7,"y":16,"i":4,"f":0},{"x":8,"y":16,"i":4,"f":0},{"x":9,"y":16,"i":4,"f":0},{"x":10,"y":16,"i":4,"f":0},{"x":11,"y":16,"i":4,"f":0},{"x":12,"y":16,"i":4,"f":0},{"x":13,"y":16,"i":4,"f":0},{"x":14,"y":16,"i":4,"f":0},{"x":15,"y":16,"i":4,"f":0},{"x":16,"y":16,"i":4,"f":0}
]
    },
    {
      "layer": "poop",
      "frame": 1,
      "width": 17,
      "height": 17,
      "tiles": [
  {"x":0,"y":0,"i":4,"f":0},{"x":1,"y":0,"i":4,"f":0},{"x":2,"y":0,"i":4,"f":0},{"x":3,"y":0,"i":4,"f":0},{"x":4,"y":0,"i":4,"f":0},{"x":5,"y":0,"i":4,"f":0},{"x":6,"y":0,"i":4,"f":0},{"x":7,"y":0,"i":4,"f":0},{"x":8,"y":0,"i":4,"f":0},{"x":9,"y":0,"i":4,"f":0},{"x":10,"y":0,"i":4,"f":0},{"x":11,"y":0,"i":4,"f":0},{"x":12,"y":0,"i":4,"f":0},{"x":13,"y":0,"i":4,"f":0},{"x":14,"y":0,"i":4,"f":0},{"x":15,"y":0,"i":4,"f":0},{"x":16,"y":0,"i":4,"f":0},{"x":0,"y":1,"i":4,"f":0},{"x":1,"y":1,"i":4,"f":0},{"x":2,"y":1,"i":4,"f":0},{"x":3,"y":1,"i":4,"f":0},{"x":4,"y":1,"i":4,"f":0},{"x":5,"y":1,"i":4,"f":0},{"x":6,"y":1,"i":4,"f":0},{"x":7,"y":1,"i":4,"f":0},{"x":8,"y":1,"i":4,"f":0},{"x":9,"y":1,"i":4,"f":0},{"x":10,"y":1,"i":4,"f":0},{"x":11,"y":1,"i":4,"f":0},{"x":12,"y":1,"i":4,"f":0},{"x":13,"y":1,"i":4,"f":0},{"x":14,"y":1,"i":4,"f":0},{"x":15,"y":1,"i":4,"f":0},{"x":16,"y":1,"i":4,"f":0},{"x":0,"y":2,"i":4,"f":0},{"x":1,"y":2,"i":4,"f":0},{"x":2,"y":2,"i":4,"f":0},{"x":3,"y":2,"i":4,"f":0},{"x":4,"y":2,"i":4,"f":0},{"x":5,"y":2,"i":4,"f":0},{"x":6,"y":2,"i":4,"f":0},{"x":7,"y":2,"i":4,"f":0},{"x":8,"y":2,"i":4,"f":0},{"x":9,"y":2,"i":4,"f":0},{"x":10,"y":2,"i":4,"f":0},{"x":11,"y":2,"i":4,"f":0},{"x":12,"y":2,"i":4,"f":0},{"x":13,"y":2,"i":4,"f":0},{"x":14,"y":2,"i":4,"f":0},{"x":15,"y":2,"i":4,"f":0},{"x":16,"y":2,"i":4,"f":0},{"x":0,"y":3,"i":4,"f":0},{"x":1,"y":3,"i":4,"f":0},{"x":2,"y":3,"i":4,"f":0},{"x":3,"y":3,"i":4,"f":0},{"x":4,"y":3,"i":4,"f":0},{"x":5,"y":3,"i":4,"f":0},{"x":6,"y":3,"i":4,"f":0},{"x":7,"y":3,"i":4,"f":0},{"x":8,"y":3,"i":4,"f":0},{"x":9,"y":3,"i":4,"f":0},{"x":10,"y":3,"i":4,"f":0},{"x":11,"y":3,"i":4,"f":0},{"x":12,"y":3,"i":4,"f":0},{"x":13,"y":3,"i":4,"f":0},{"x":14,"y":3,"i":4,"f":0},{"x":15,"y":3,"i":4,"f":0},{"x":16,"y":3,"i":4,"f":0},{"x":0,"y":4,"i":4,"f":0},{"x":1,"y":4,"i":4,"f":0},{"x":2,"y":4,"i":4,"f":0},{"x":3,"y":4,"i":4,"f":0},{"x":4,"y":4,"i":4,"f":0},{"x":5,"y":4,"i":4,"f":0},{"x":6,"y":4,"i":4,"f":0},{"x":7,"y":4,"i":4,"f":0},{"x":8,"y":4,"i":4,"f":0},{"x":9,"y":4,"i":4,"f":0},{"x":10,"y":4,"i":4,"f":0},{"x":11,"y":4,"i":4,"f":0},{"x":12,"y":4,"i":4,"f":0},{"x":13,"y":4,"i":4,"f":0},{"x":14,"y":4,"i":4,"f":0},{"x":15,"y":4,"i":4,"f":0},{"x":16,"y":4,"i":4,"f":0},{"x":0,"y":5,"i":4,"f":0},{"x":1,"y":5,"i":4,"f":0},{"x":2,"y":5,"i":4,"f":0},{"x":3,"y":5,"i":4,"f":0},{"x":4,"y":5,"i":4,"f":0},{"x":5,"y":5,"i":4,"f":0},{"x":6,"y":5,"i":4,"f":0},{"x":7,"y":5,"i":4,"f":0},{"x":8,"y":5,"i":4,"f":0},{"x":9,"y":5,"i":4,"f":0},{"x":10,"y":5,"i":4,"f":0},{"x":11,"y":5,"i":4,"f":0},{"x":12,"y":5,"i":4,"f":0},{"x":13,"y":5,"i":4,"f":0},{"x":14,"y":5,"i":4,"f":0},{"x":15,"y":5,"i":4,"f":0},{"x":16,"y":5,"i":4,"f":0},{"x":0,"y":6,"i":4,"f":0},{"x":1,"y":6,"i":4,"f":0},{"x":2,"y":6,"i":4,"f":0},{"x":3,"y":6,"i":4,"f":0},{"x":4,"y":6,"i":4,"f":0},{"x":5,"y":6,"i":4,"f":0},{"x":6,"y":6,"i":3,"f":0},{"x":7,"y":6,"i":3,"f":0},{"x":8,"y":6,"i":3,"f":0},{"x":9,"y":6,"i":3,"f":0},{"x":10,"y":6,"i":3,"f":0},{"x":11,"y":6,"i":3,"f":0},{"x":12,"y":6,"i":4,"f":0},{"x":13,"y":6,"i":4,"f":0},{"x":14,"y":6,"i":4,"f":0},{"x":15,"y":6,"i":4,"f":0},{"x":16,"y":6,"i":4,"f":0},{"x":0,"y":7,"i":4,"f":0},{"x":1,"y":7,"i":4,"f":0},{"x":2,"y":7,"i":4,"f":0},{"x":3,"y":7,"i":4,"f":0},{"x":4,"y":7,"i":4,"f":0},{"x":5,"y":7,"i":4,"f":0},{"x":6,"y":7,"i":3,"f":0},{"x":7,"y":7,"i":4,"f":0},{"x":8,"y":7,"i":4,"f":0},{"x":9,"y":7,"i":4,"f":0},{"x":10,"y":7,"i":4,"f":0},{"x":11,"y":7,"i":4,"f":0},{"x":12,"y":7,"i":4,"f":0},{"x":13,"y":7,"i":4,"f":0},{"x":14,"y":7,"i":4,"f":0},{"x":15,"y":7,"i":4,"f":0},{"x":16,"y":7,"i":4,"f":0},{"x":0,"y":8,"i":4,"f":0},{"x":1,"y":8,"i":4,"f":0},{"x":2,"y":8,"i":4,"f":0},{"x":3,"y":8,"i":4,"f":0},{"x":4,"y":8,"i":4,"f":0},{"x":5,"y":8,"i":4,"f":0},{"x":6,"y":8,"i":3,"f":0},{"x":7,"y":8,"i":4,"f":0},{"x":8,"y":8,"i":4,"f":0},{"x":9,"y":8,"i":4,"f":0},{"x":10,"y":8,"i":4,"f":0},{"x":11,"y":8,"i":4,"f":0},{"x":12,"y":8,"i":4,"f":0},{"x":13,"y":8,"i":4,"f":0},{"x":14,"y":8,"i":4,"f":0},{"x":15,"y":8,"i":4,"f":0},{"x":16,"y":8,"i":4,"f":0},{"x":0,"y":9,"i":4,"f":0},{"x":1,"y":9,"i":4,"f":0},{"x":2,"y":9,"i":4,"f":0},{"x":3,"y":9,"i":4,"f":0},{"x":4,"y":9,"i":4,"f":0},{"x":5,"y":9,"i":4,"f":0},{"x":6,"y":9,"i":3,"f":0},{"x":7,"y":9,"i":4,"f":0},{"x":8,"y":9,"i":4,"f":0},{"x":9,"y":9,"i":4,"f":0},{"x":10,"y":9,"i":4,"f":0},{"x":11,"y":9,"i":4,"f":0},{"x":12,"y":9,"i":4,"f":0},{"x":13,"y":9,"i":4,"f":0},{"x":14,"y":9,"i":4,"f":0},{"x":15,"y":9,"i":4,"f":0},{"x":16,"y":9,"i":4,"f":0},{"x":0,"y":10,"i":4,"f":0},{"x":1,"y":10,"i":4,"f":0},{"x":2,"y":10,"i":4,"f":0},{"x":3,"y":10,"i":4,"f":0},{"x":4,"y":10,"i":4,"f":0},{"x":5,"y":10,"i":4,"f":0},{"x":6,"y":10,"i":3,"f":0},{"x":7,"y":10,"i":4,"f":0},{"x":8,"y":10,"i":4,"f":0},{"x":9,"y":10,"i":4,"f":0},{"x":10,"y":10,"i":4,"f":0},{"x":11,"y":10,"i":4,"f":0},{"x":12,"y":10,"i":4,"f":0},{"x":13,"y":10,"i":4,"f":0},{"x":14,"y":10,"i":4,"f":0},{"x":15,"y":10,"i":4,"f":0},{"x":16,"y":10,"i":4,"f":0},{"x":0,"y":11,"i":4,"f":0},{"x":1,"y":11,"i":4,"f":0},{"x":2,"y":11,"i":4,"f":0},{"x":3,"y":11,"i":4,"f":0},{"x":4,"y":11,"i":4,"f":0},{"x":5,"y":11,"i":4,"f":0},{"x":6,"y":11,"i":3,"f":0},{"x":7,"y":11,"i":4,"f":0},{"x":8,"y":11,"i":4,"f":0},{"x":9,"y":11,"i":4,"f":0},{"x":10,"y":11,"i":4,"f":0},{"x":11,"y":11,"i":4,"f":0},{"x":12,"y":11,"i":4,"f":0},{"x":13,"y":11,"i":4,"f":0},{"x":14,"y":11,"i":4,"f":0},{"x":15,"y":11,"i":4,"f":0},{"x":16,"y":11,"i":4,"f":0},{"x":0,"y":12,"i":4,"f":0},{"x":1,"y":12,"i":4,"f":0},{"x":2,"y":12,"i":4,"f":0},{"x":3,"y":12,"i":4,"f":0},{"x":4,"y":12,"i":4,"f":0},{"x":5,"y":12,"i":4,"f":0},{"x":6,"y":12,"i":3,"f":0},{"x":7,"y":12,"i":4,"f":0},{"x":8,"y":12,"i":4,"f":0},{"x":9,"y":12,"i":4,"f":0},{"x":10,"y":12,"i":4,"f":0},{"x":11,"y":12,"i":4,"f":0},{"x":12,"y":12,"i":4,"f":0},{"x":13,"y":12,"i":4,"f":0},{"x":14,"y":12,"i":4,"f":0},{"x":15,"y":12,"i":4,"f":0},{"x":16,"y":12,"i":4,"f":0},{"x":0,"y":13,"i":4,"f":0},{"x":1,"y":13,"i":4,"f":0},{"x":2,"y":13,"i":4,"f":0},{"x":3,"y":13,"i":4,"f":0},{"x":4,"y":13,"i":4,"f":0},{"x":5,"y":13,"i":4,"f":0},{"x":6,"y":13,"i":3,"f":0},{"x":7,"y":13,"i":4,"f":0},{"x":8,"y":13,"i":4,"f":0},{"x":9,"y":13,"i":4,"f":0},{"x":10,"y":13,"i":4,"f":0},{"x":11,"y":13,"i":4,"f":0},{"x":12,"y":13,"i":4,"f":0},{"x":13,"y":13,"i":4,"f":0},{"x":14,"y":13,"i":4,"f":0},{"x":15,"y":13,"i":4,"f":0},{"x":16,"y":13,"i":4,"f":0},{"x":0,"y":14,"i":4,"f":0},{"x":1,"y":14,"i":4,"f":0},{"x":2,"y":14,"i":4,"f":0},{"x":3,"y":14,"i":4,"f":0},{"x":4,"y":14,"i":4,"f":0},{"x":5,"y":14,"i":4,"f":0},{"x":6,"y":14,"i":3,"f":0},{"x":7,"y":14,"i":4,"f":0},{"x":8,"y":14,"i":4,"f":0},{"x":9,"y":14,"i":4,"f":0},{"x":10,"y":14,"i":4,"f":0},{"x":11,"y":14,"i":4,"f":0},{"x":12,"y":14,"i":4,"f":0},{"x":13,"y":14,"i":4,"f":0},{"x":14,"y":14,"i":4,"f":0},{"x":15,"y":14,"i":4,"f":0},{"x":16,"y":14,"i":4,"f":0},{"x":0,"y":15,"i":4,"f":0},{"x":1,"y":15,"i":4,"f":0},{"x":2,"y":15,"i":4,"f":0},{"x":3,"y":15,"i":4,"f":0},{"x":4,"y":15,"i":4,"f":0},{"x":5,"y":15,"i":4,"f":0},{"x":6,"y":15,"i":3,"f":0},{"x":7,"y":15,"i":4,"f":0},{"x":8,"y":15,"i":4,"f":0},{"x":9,"y":15,"i":4,"f":0},{"x":10,"y":15,"i":4,"f":0},{"x":11,"y":15,"i":4,"f":0},{"x":12,"y":15,"i":4,"f":0},{"x":13,"y":15,"i":4,"f":0},{"x":14,"y":15,"i":4,"f":0},{"x":15,"y":15,"i":4,"f":0},{"x":16,"y":15,"i":4,"f":0},{"x":0,"y":16,"i":4,"f":0},{"x":1,"y":16,"i":4,"f":0},{"x":2,"y":16,"i":4,"f":0},{"x":3,"y":16,"i":4,"f":0},{"x":4,"y":16,"i":4,"f":0},{"x":5,"y":16,"i":4,"f":0},{"x":6,"y":16,"i":4,"f":0},{"x":7,"y":16,"i":4,"f":0},{"x":8,"y":16,"i":4,"f":0},{"x":9,"y":16,"i":4,"f":0},{"x":10,"y":16,"i":4,"f":0},{"x":11,"y":16,"i":4,"f":0},{"x":12,"y":16,"i":4,"f":0},{"x":13,"y":16,"i":4,"f":0},{"x":14,"y":16,"i":4,"f":0},{"x":15,"y":16,"i":4,"f":0},{"x":16,"y":16,"i":4,"f":0}
]
    },
    {
      "layer": "poop",
      "frame": 2,
      "width": 17,
      "height": 17,
      "tiles": [
  {"x":0,"y":0,"i":4,"f":0},{"x":1,"y":0,"i":4,"f":0},{"x":2,"y":0,"i":4,"f":0},{"x":3,"y":0,"i":4,"f":0},{"x":4,"y":0,"i":4,"f":0},{"x":5,"y":0,"i":4,"f":0},{"x":6,"y":0,"i":4,"f":0},{"x":7,"y":0,"i":4,"f":0},{"x":8,"y":0,"i":4,"f":0},{"x":9,"y":0,"i":4,"f":0},{"x":10,"y":0,"i":4,"f":0},{"x":11,"y":0,"i":4,"f":0},{"x":12,"y":0,"i":4,"f":0},{"x":13,"y":0,"i":4,"f":0},{"x":14,"y":0,"i":4,"f":0},{"x":15,"y":0,"i":4,"f":0},{"x":16,"y":0,"i":4,"f":0},{"x":0,"y":1,"i":4,"f":0},{"x":1,"y":1,"i":4,"f":0},{"x":2,"y":1,"i":4,"f":0},{"x":3,"y":1,"i":4,"f":0},{"x":4,"y":1,"i":4,"f":0},{"x":5,"y":1,"i":4,"f":0},{"x":6,"y":1,"i":4,"f":0},{"x":7,"y":1,"i":4,"f":0},{"x":8,"y":1,"i":4,"f":0},{"x":9,"y":1,"i":4,"f":0},{"x":10,"y":1,"i":4,"f":0},{"x":11,"y":1,"i":4,"f":0},{"x":12,"y":1,"i":4,"f":0},{"x":13,"y":1,"i":4,"f":0},{"x":14,"y":1,"i":4,"f":0},{"x":15,"y":1,"i":4,"f":0},{"x":16,"y":1,"i":4,"f":0},{"x":0,"y":2,"i":4,"f":0},{"x":1,"y":2,"i":4,"f":0},{"x":2,"y":2,"i":4,"f":0},{"x":3,"y":2,"i":4,"f":0},{"x":4,"y":2,"i":4,"f":0},{"x":5,"y":2,"i":4,"f":0},{"x":6,"y":2,"i":4,"f":0},{"x":7,"y":2,"i":4,"f":0},{"x":8,"y":2,"i":4,"f":0},{"x":9,"y":2,"i":4,"f":0},{"x":10,"y":2,"i":4,"f":0},{"x":11,"y":2,"i":4,"f":0},{"x":12,"y":2,"i":4,"f":0},{"x":13,"y":2,"i":4,"f":0},{"x":14,"y":2,"i":4,"f":0},{"x":15,"y":2,"i":4,"f":0},{"x":16,"y":2,"i":4,"f":0},{"x":0,"y":3,"i":4,"f":0},{"x":1,"y":3,"i":4,"f":0},{"x":2,"y":3,"i":4,"f":0},{"x":3,"y":3,"i":4,"f":0},{"x":4,"y":3,"i":4,"f":0},{"x":5,"y":3,"i":4,"f":0},{"x":6,"y":3,"i":4,"f":0},{"x":7,"y":3,"i":4,"f":0},{"x":8,"y":3,"i":4,"f":0},{"x":9,"y":3,"i":4,"f":0},{"x":10,"y":3,"i":4,"f":0},{"x":11,"y":3,"i":4,"f":0},{"x":12,"y":3,"i":4,"f":0},{"x":13,"y":3,"i":4,"f":0},{"x":14,"y":3,"i":4,"f":0},{"x":15,"y":3,"i":4,"f":0},{"x":16,"y":3,"i":4,"f":0},{"x":0,"y":4,"i":4,"f":0},{"x":1,"y":4,"i":4,"f":0},{"x":2,"y":4,"i":4,"f":0},{"x":3,"y":4,"i":4,"f":0},{"x":4,"y":4,"i":4,"f":0},{"x":5,"y":4,"i":4,"f":0},{"x":6,"y":4,"i":4,"f":0},{"x":7,"y":4,"i":4,"f":0},{"x":8,"y":4,"i":4,"f":0},{"x":9,"y":4,"i":4,"f":0},{"x":10,"y":4,"i":4,"f":0},{"x":11,"y":4,"i":4,"f":0},{"x":12,"y":4,"i":4,"f":0},{"x":13,"y":4,"i":4,"f":0},{"x":14,"y":4,"i":4,"f":0},{"x":15,"y":4,"i":4,"f":0},{"x":16,"y":4,"i":4,"f":0},{"x":0,"y":5,"i":4,"f":0},{"x":1,"y":5,"i":4,"f":0},{"x":2,"y":5,"i":4,"f":0},{"x":3,"y":5,"i":4,"f":0},{"x":4,"y":5,"i":4,"f":0},{"x":5,"y":5,"i":4,"f":0},{"x":6,"y":5,"i":4,"f":0},{"x":7,"y":5,"i":4,"f":0},{"x":8,"y":5,"i":4,"f":0},{"x":9,"y":5,"i":4,"f":0},{"x":10,"y":5,"i":4,"f":0},{"x":11,"y":5,"i":4,"f":0},{"x":12,"y":5,"i":4,"f":0},{"x":13,"y":5,"i":4,"f":0},{"x":14,"y":5,"i":4,"f":0},{"x":15,"y":5,"i":4,"f":0},{"x":16,"y":5,"i":4,"f":0},{"x":0,"y":6,"i":4,"f":0},{"x":1,"y":6,"i":4,"f":0},{"x":2,"y":6,"i":4,"f":0},{"x":3,"y":6,"i":4,"f":0},{"x":4,"y":6,"i":4,"f":0},{"x":5,"y":6,"i":4,"f":0},{"x":6,"y":6,"i":3,"f":0},{"x":7,"y":6,"i":3,"f":0},{"x":8,"y":6,"i":3,"f":0},{"x":9,"y":6,"i":3,"f":0},{"x":10,"y":6,"i":3,"f":0},{"x":11,"y":6,"i":3,"f":0},{"x":12,"y":6,"i":4,"f":0},{"x":13,"y":6,"i":4,"f":0},{"x":14,"y":6,"i":4,"f":0},{"x":15,"y":6,"i":4,"f":0},{"x":16,"y":6,"i":4,"f":0},{"x":0,"y":7,"i":4,"f":0},{"x":1,"y":7,"i":4,"f":0},{"x":2,"y":7,"i":4,"f":0},{"x":3,"y":7,"i":4,"f":0},{"x":4,"y":7,"i":4,"f":0},{"x":5,"y":7,"i":4,"f":0},{"x":6,"y":7,"i":3,"f":0},{"x":7,"y":7,"i":4,"f":0},{"x":8,"y":7,"i":4,"f":0},{"x":9,"y":7,"i":4,"f":0},{"x":10,"y":7,"i":4,"f":0},{"x":11,"y":7,"i":4,"f":0},{"x":12,"y":7,"i":4,"f":0},{"x":13,"y":7,"i":4,"f":0},{"x":14,"y":7,"i":4,"f":0},{"x":15,"y":7,"i":4,"f":0},{"x":16,"y":7,"i":4,"f":0},{"x":0,"y":8,"i":4,"f":0},{"x":1,"y":8,"i":4,"f":0},{"x":2,"y":8,"i":4,"f":0},{"x":3,"y":8,"i":4,"f":0},{"x":4,"y":8,"i":4,"f":0},{"x":5,"y":8,"i":4,"f":0},{"x":6,"y":8,"i":3,"f":0},{"x":7,"y":8,"i":4,"f":0},{"x":8,"y":8,"i":4,"f":0},{"x":9,"y":8,"i":4,"f":0},{"x":10,"y":8,"i":4,"f":0},{"x":11,"y":8,"i":4,"f":0},{"x":12,"y":8,"i":4,"f":0},{"x":13,"y":8,"i":4,"f":0},{"x":14,"y":8,"i":4,"f":0},{"x":15,"y":8,"i":4,"f":0},{"x":16,"y":8,"i":4,"f":0},{"x":0,"y":9,"i":4,"f":0},{"x":1,"y":9,"i":4,"f":0},{"x":2,"y":9,"i":3,"f":0},{"x":3,"y":9,"i":3,"f":0},{"x":4,"y":9,"i":3,"f":0},{"x":5,"y":9,"i":3,"f":0},{"x":6,"y":9,"i":3,"f":0},{"x":7,"y":9,"i":4,"f":0},{"x":8,"y":9,"i":4,"f":0},{"x":9,"y":9,"i":4,"f":0},{"x":10,"y":9,"i":4,"f":0},{"x":11,"y":9,"i":4,"f":0},{"x":12,"y":9,"i":4,"f":0},{"x":13,"y":9,"i":4,"f":0},{"x":14,"y":9,"i":4,"f":0},{"x":15,"y":9,"i":4,"f":0},{"x":16,"y":9,"i":4,"f":0},{"x":0,"y":10,"i":4,"f":0},{"x":1,"y":10,"i":4,"f":0},{"x":2,"y":10,"i":4,"f":0},{"x":3,"y":10,"i":4,"f":0},{"x":4,"y":10,"i":4,"f":0},{"x":5,"y":10,"i":4,"f":0},{"x":6,"y":10,"i":3,"f":0},{"x":7,"y":10,"i":4,"f":0},{"x":8,"y":10,"i":4,"f":0},{"x":9,"y":10,"i":4,"f":0},{"x":10,"y":10,"i":4,"f":0},{"x":11,"y":10,"i":4,"f":0},{"x":12,"y":10,"i":4,"f":0},{"x":13,"y":10,"i":4,"f":0},{"x":14,"y":10,"i":4,"f":0},{"x":15,"y":10,"i":4,"f":0},{"x":16,"y":10,"i":4,"f":0},{"x":0,"y":11,"i":4,"f":0},{"x":1,"y":11,"i":4,"f":0},{"x":2,"y":11,"i":4,"f":0},{"x":3,"y":11,"i":4,"f":0},{"x":4,"y":11,"i":4,"f":0},{"x":5,"y":11,"i":4,"f":0},{"x":6,"y":11,"i":3,"f":0},{"x":7,"y":11,"i":4,"f":0},{"x":8,"y":11,"i":4,"f":0},{"x":9,"y":11,"i":4,"f":0},{"x":10,"y":11,"i":4,"f":0},{"x":11,"y":11,"i":4,"f":0},{"x":12,"y":11,"i":4,"f":0},{"x":13,"y":11,"i":4,"f":0},{"x":14,"y":11,"i":4,"f":0},{"x":15,"y":11,"i":4,"f":0},{"x":16,"y":11,"i":4,"f":0},{"x":0,"y":12,"i":4,"f":0},{"x":1,"y":12,"i":4,"f":0},{"x":2,"y":12,"i":4,"f":0},{"x":3,"y":12,"i":4,"f":0},{"x":4,"y":12,"i":4,"f":0},{"x":5,"y":12,"i":4,"f":0},{"x":6,"y":12,"i":3,"f":0},{"x":7,"y":12,"i":4,"f":0},{"x":8,"y":12,"i":4,"f":0},{"x":9,"y":12,"i":4,"f":0},{"x":10,"y":12,"i":4,"f":0},{"x":11,"y":12,"i":4,"f":0},{"x":12,"y":12,"i":4,"f":0},{"x":13,"y":12,"i":4,"f":0},{"x":14,"y":12,"i":4,"f":0},{"x":15,"y":12,"i":4,"f":0},{"x":16,"y":12,"i":4,"f":0},{"x":0,"y":13,"i":4,"f":0},{"x":1,"y":13,"i":4,"f":0},{"x":2,"y":13,"i":4,"f":0},{"x":3,"y":13,"i":4,"f":0},{"x":4,"y":13,"i":4,"f":0},{"x":5,"y":13,"i":4,"f":0},{"x":6,"y":13,"i":3,"f":0},{"x":7,"y":13,"i":4,"f":0},{"x":8,"y":13,"i":4,"f":0},{"x":9,"y":13,"i":4,"f":0},{"x":10,"y":13,"i":4,"f":0},{"x":11,"y":13,"i":4,"f":0},{"x":12,"y":13,"i":4,"f":0},{"x":13,"y":13,"i":4,"f":0},{"x":14,"y":13,"i":4,"f":0},{"x":15,"y":13,"i":4,"f":0},{"x":16,"y":13,"i":4,"f":0},{"x":0,"y":14,"i":4,"f":0},{"x":1,"y":14,"i":4,"f":0},{"x":2,"y":14,"i":4,"f":0},{"x":3,"y":14,"i":4,"f":0},{"x":4,"y":14,"i":4,"f":0},{"x":5,"y":14,"i":4,"f":0},{"x":6,"y":14,"i":3,"f":0},{"x":7,"y":14,"i":4,"f":0},{"x":8,"y":14,"i":4,"f":0},{"x":9,"y":14,"i":4,"f":0},{"x":10,"y":14,"i":4,"f":0},{"x":11,"y":14,"i":4,"f":0},{"x":12,"y":14,"i":4,"f":0},{"x":13,"y":14,"i":4,"f":0},{"x":14,"y":14,"i":4,"f":0},{"x":15,"y":14,"i":4,"f":0},{"x":16,"y":14,"i":4,"f":0},{"x":0,"y":15,"i":4,"f":0},{"x":1,"y":15,"i":4,"f":0},{"x":2,"y":15,"i":4,"f":0},{"x":3,"y":15,"i":4,"f":0},{"x":4,"y":15,"i":4,"f":0},{"x":5,"y":15,"i":4,"f":0},{"x":6,"y":15,"i":3,"f":0},{"x":7,"y":15,"i":4,"f":0},{"x":8,"y":15,"i":4,"f":0},{"x":9,"y":15,"i":4,"f":0},{"x":10,"y":15,"i":4,"f":0},{"x":11,"y":15,"i":4,"f":0},{"x":12,"y":15,"i":4,"f":0},{"x":13,"y":15,"i":4,"f":0},{"x":14,"y":15,"i":4,"f":0},{"x":15,"y":15,"i":4,"f":0},{"x":16,"y":15,"i":4,"f":0},{"x":0,"y":16,"i":4,"f":0},{"x":1,"y":16,"i":4,"f":0},{"x":2,"y":16,"i":4,"f":0},{"x":3,"y":16,"i":4,"f":0},{"x":4,"y":16,"i":4,"f":0},{"x":5,"y":16,"i":4,"f":0},{"x":6,"y":16,"i":4,"f":0},{"x":7,"y":16,"i":4,"f":0},{"x":8,"y":16,"i":4,"f":0},{"x":9,"y":16,"i":4,"f":0},{"x":10,"y":16,"i":4,"f":0},{"x":11,"y":16,"i":4,"f":0},{"x":12,"y":16,"i":4,"f":0},{"x":13,"y":16,"i":4,"f":0},{"x":14,"y":16,"i":4,"f":0},{"x":15,"y":16,"i":4,"f":0},{"x":16,"y":16,"i":4,"f":0}
]
    }
  ]
}