[{"className":"Chicken","objectId":"bdd2247c-93f6-4c22-92ac-799383feadbe","position":{"x":1964.3324577199232,"y":-547.3140974297085,"width":60,"height":60}},{"className":"Chicken","objectId":"85e3e842-8594-41f7-b658-df5055933c6d","position":{"x":2253.0955271679222,"y":-649.0209412187827,"width":60,"height":60}},{"className":"Chicken","objectId":"7ef33338-355f-4b4b-bfb5-5db0f48044df","position":{"x":2185.598652348003,"y":-757.7128810105617,"width":60,"height":60}},{"className":"Chicken","objectId":"f29d96d2-be30-4e18-9d3d-d3b8149d178e","position":{"x":2070.2797688963587,"y":-733.442254199067,"width":60,"height":60}},{"className":"Chicken","objectId":"c2747d52-9781-4cad-a020-860bacd22057","position":{"x":2026.9002719420596,"y":-631.4595168129231,"width":60,"height":60}},{"className":"Chicken","objectId":"3892205c-c533-4f4d-a8d3-960be1059394","position":{"x":2198.578878963729,"y":-676.1895711790615,"width":60,"height":60}},{"className":"Chicken","objectId":"b1313031-761b-499c-bea8-68ad9ca247d5","position":{"x":2106,"y":-648,"width":60,"height":60}},{"className":"Chicken","objectId":"04d96059-6c46-446b-99f3-b4d496883cd3","position":{"x":2149,"y":-615,"width":60,"height":60}},{"className":"Chicken","objectId":"48be0fe6-291a-44ef-8a4a-dd18e49dbfeb","position":{"x":2081.2625138461153,"y":-529.7390275656426,"width":60,"height":60}},{"className":"Chicken","objectId":"4a86ab78-7b36-4490-ba1f-cb41c5b5a88c","position":{"x":2197.2625138461153,"y":-513.7390275656426,"width":60,"height":60}},{"className":"Chicken","objectId":"ab97c94f-d9aa-4fe5-a342-85d74965e095","position":{"x":-2887.5231318883625,"y":-234.09472876824302,"width":60,"height":60}},{"className":"Chicken","objectId":"f13a182c-c13a-4f75-ad77-4319bfdafccf","position":{"x":-3049.1331318883626,"y":-237.12472876824302,"width":60,"height":60}},{"className":"Chicken","objectId":"9c71d468-91eb-466e-aa9f-79e2cdde8e20","position":{"x":-3244.769366888072,"y":-237.12472876824302,"width":60,"height":60}},{"className":"Chicken","objectId":"e9ad0a49-5dc2-4e8f-bc05-e7512a01f843","position":{"x":-3098.8481562651305,"y":-285.614728768243,"width":60,"height":60}},{"className":"Chicken","objectId":"27f1c24f-741f-44e2-961f-f599e2eaffef","position":{"x":-2967.259544526518,"y":-279.554728768243,"width":60,"height":60}},{"className":"Chicken","objectId":"388cd4de-1bdb-436a-8635-152e138d293f","position":{"x":-2871.1695704220165,"y":-285.614728768243,"width":60,"height":60}}]