[{"objectId":"d46f8692-6c0e-4b57-a288-8163c1430855","position":{"x":-55,"y":184.9,"width":100,"height":100}},{"objectId":"217d60b3-42da-4780-aeaa-46af949c821e","position":{"x":16.4,"y":263,"width":100,"height":100}},{"objectId":"32ec003b-3ac2-46e3-8428-dbfcc9c5068d","position":{"x":-25.1,"y":239.4,"width":100,"height":100}},{"objectId":"4646a5c1-c164-45c3-a70c-d1e768f7deda","position":{"x":279.5,"y":39.3,"width":100,"height":100}},{"objectId":"6d7767a4-b5de-4724-9616-a665d1c40536","position":{"x":351.5,"y":111.6,"width":100,"height":100}},{"objectId":"ec9ea876-307c-4035-94d0-9eb0a7704ad8","position":{"x":-581.7,"y":184,"width":100,"height":100}},{"objectId":"a7ddfff9-bd10-464d-9ea6-f0ed9af698ae","position":{"x":-308.4,"y":297.3,"width":100,"height":100}},{"objectId":"07768dc4-c1c5-4fea-a649-dc6fed5b78aa","position":{"x":-401.6,"y":203.9,"width":100,"height":100}},{"objectId":"e2994bbd-fd40-4bcd-9b27-a2b33add3e9c","position":{"x":-438.2,"y":163.9,"width":100,"height":100}},{"objectId":"f9a2f558-4c5f-460d-b2ec-8ce6e2861682","position":{"x":485.8,"y":-315.5,"width":100,"height":100}},{"objectId":"d734957f-e672-4d9e-b4cd-7a134892c651","position":{"x":62.8,"y":-95.1,"width":100,"height":100}},{"objectId":"7f91519c-3a14-4378-996c-e6413f3588a2","position":{"x":318.3,"y":-125.9,"width":100,"height":100}},{"objectId":"58d54e09-0ddb-41cc-b865-a1c470c747d7","position":{"x":309.5,"y":-264.6,"width":100,"height":100}},{"objectId":"39d00dce-3ff0-414f-a03b-afeb86431638","position":{"x":233.8,"y":-190.4,"width":100,"height":100}},{"objectId":"818cb0de-5b7c-499f-a9e8-ca26e2ff7b91","position":{"x":251.60000000000002,"y":-173.9,"width":100,"height":100}},{"objectId":"7ec6aaa8-9bc3-4e90-9ae7-f8c5e70d090a","position":{"x":102.80000000000001,"y":-234.25,"width":711,"height":167.5}},{"objectId":"84dbbf48-33ec-4561-b1fb-3c78c8426009","position":{"x":-250.3,"y":54.3,"width":100,"height":100}},{"objectId":"100e96ad-40b9-460e-8edf-fcd2c888da84","position":{"x":-494.8,"y":16.099999999999994,"width":100,"height":100}},{"objectId":"bae0a07b-9736-41b0-a6f3-9c192c01d0b7","position":{"x":-315.1,"y":-210.2,"width":100,"height":100}},{"objectId":"d41f4471-7821-4ba1-9e4a-fb39b0956108","position":{"x":-488.4,"y":-122.7,"width":100,"height":100}},{"objectId":"abcc527a-c058-469d-a561-1fce32af6c40","position":{"x":-346.7,"y":-65.6,"width":100,"height":100}},{"objectId":"11cf250e-3fb9-4b4e-8077-3fb999f2819f","position":{"x":222.2,"y":327,"width":100,"height":100}},{"objectId":"5d6c7177-74a0-40a7-8a2e-925a670ad662","position":{"x":453.4,"y":264.7,"width":100,"height":100}},{"objectId":"5bda3fa3-e0fd-4633-af91-e992cd6a7f4b","position":{"x":-267.2,"y":-388.2,"width":100,"height":100}},{"objectId":"ce115bba-0b88-465d-a061-d836510579c2","position":{"x":-494.3,"y":-381.7,"width":909,"height":171}}]