{ "frames": {
   "Sprite-0001 0.": {
    "frame": { "x": 0, "y": 0, "w": 48, "h": 56 },
    "rotated": false,
    "trimmed": false,
    "spriteSourceSize": { "x": 0, "y": 0, "w": 48, "h": 56 },
    "sourceSize": { "w": 48, "h": 56 },
    "duration": 100
   },
   "Sprite-0001 1.": {
    "frame": { "x": 48, "y": 0, "w": 48, "h": 56 },
    "rotated": false,
    "trimmed": false,
    "spriteSourceSize": { "x": 0, "y": 0, "w": 48, "h": 56 },
    "sourceSize": { "w": 48, "h": 56 },
    "duration": 100
   }
 },
 "meta": {
  "app": "https://www.aseprite.org/",
  "version": "1.3.7-dev",
  "image": "god_48x56.png",
  "format": "RGBA8888",
  "size": { "w": 96, "h": 56 },
  "scale": "1",
  "frameTags": [
  ],
  "layers": [
   { "name": "Layer 1", "opacity": 255, "blendMode": "normal" },
   { "name": "Layer 2", "opacity": 255, "blendMode": "normal" }
  ],
  "slices": [
  ]
 }
}
